method,wall_ms,nfe,rel_err_vs_ref,alpha,Nx,Nz,t_end,d_obs,D,L,dx,N_t,N_NILT
FTCS+L1 JAX GPU,1456.96340300492,42073292800,0.018521532772009446,0.7,32,32,0.1,0.1,0.01,0.32,0.01,1595,
Scalpel JAX GPU,12.454439012799412,2097152,0.0002933410199228284,0.7,32,32,0.1,0.1,0.01,0.32,0.01,,2048
Scalpel JAX GPU (ref),20.903405995341018,4194304,0.0,0.7,32,32,0.1,0.1,0.01,0.32,0.01,,4096
